{"cameraMode":{"drawMode":0,"name":"Shaded","section":"Shading Mode"},"sceneLighting":true,"audioPlay":false,"sceneViewState":{"m_AlwaysRefresh":false,"showFog":true,"showSkybox":true,"showFlares":true,"showImageEffects":true,"showParticleSystems":true,"showVisualEffectGraphs":true,"m_FxEnabled":true},"in2DMode":false,"pivot":{"x":1038.79541015625,"y":388.05548095703127,"z":36.2799072265625},"rotation":{"x":-0.10362408310174942,"y":-0.0005845275009050965,"z":0.00006042347740731202,"w":-0.9946224093437195},"size":545.7798461914063,"orthographic":true}